,artists,valence
0,Powerwolf,0.393
1,Jack Johnson,0.566367816091954
2,The Tallest Man On Earth,0.3765
3,NEFFEX,0.5515000000000001
4,Portugal. The Man,0.5641538461538461
5,Juan Luis Guerra 4.40,0.8211111111111111
6,MF DOOM,0.7669999999999999
7,The Dresden Dolls,0.6655
8,Two Door Cinema Club,0.5765333333333333
9,The Kooks,0.6662399999999999
10,Aminé,0.6321666666666667
11,Beyoncé,0.44623835616438356
